<?xml version="1.0" encoding="UTF-8"?>
<!DOCTYPE plist PUBLIC "-//Apple Computer//DTD PLIST 1.0//EN" "http://www.apple.com/DTDs/PropertyList-1.0.dtd">
<plist version="1.0">
    <dict>
        <key>frames</key>
        <dict>
            <key>MPtravel1.png</key>
            <dict>
                <key>frame</key>
                <string>{{768,0},{256,256}}</string>
                <key>offset</key>
                <string>{0,0}</string>
                <key>rotated</key>
                <false/>
                <key>sourceColorRect</key>
                <string>{{0,0},{256,256}}</string>
                <key>sourceSize</key>
                <string>{256,256}</string>
            </dict>
            <key>MPtravel2.png</key>
            <dict>
                <key>frame</key>
                <string>{{512,0},{256,256}}</string>
                <key>offset</key>
                <string>{0,0}</string>
                <key>rotated</key>
                <false/>
                <key>sourceColorRect</key>
                <string>{{0,0},{256,256}}</string>
                <key>sourceSize</key>
                <string>{256,256}</string>
            </dict>
            <key>MPtravel3.png</key>
            <dict>
                <key>frame</key>
                <string>{{256,0},{256,256}}</string>
                <key>offset</key>
                <string>{0,0}</string>
                <key>rotated</key>
                <false/>
                <key>sourceColorRect</key>
                <string>{{0,0},{256,256}}</string>
                <key>sourceSize</key>
                <string>{256,256}</string>
            </dict>
            <key>MPtravel4.png</key>
            <dict>
                <key>frame</key>
                <string>{{0,0},{256,256}}</string>
                <key>offset</key>
                <string>{0,0}</string>
                <key>rotated</key>
                <false/>
                <key>sourceColorRect</key>
                <string>{{0,0},{256,256}}</string>
                <key>sourceSize</key>
                <string>{256,256}</string>
            </dict>
        </dict>
        <key>metadata</key>
        <dict>
            <key>format</key>
            <integer>2</integer>
            <key>realTextureFileName</key>
            <string>MPtravel.png</string>
            <key>size</key>
            <string>{512,256}</string>
            <key>smartupdate</key>
            <string>$TexturePacker:SmartUpdate:3a4eed89cf73ade01911b2b92a87f3f5$</string>
            <key>textureFileName</key>
            <string>MPtravel.png</string>
        </dict>
    </dict>
</plist>
