<?xml version="1.0" encoding="UTF-8"?>
<!DOCTYPE plist PUBLIC "-//Apple Computer//DTD PLIST 1.0//EN" "http://www.apple.com/DTDs/PropertyList-1.0.dtd">
<plist version="1.0">
    <dict>
        <key>frames</key>
        <dict>
            <key>MPSrun1.png</key>
            <dict>
                <key>frame</key>
                <string>{{384,0},{128,128}}</string>
                <key>offset</key>
                <string>{0,0}</string>
                <key>rotated</key>
                <false/>
                <key>sourceColorRect</key>
                <string>{{0,0},{128,128}}</string>
                <key>sourceSize</key>
                <string>{128,128}</string>
            </dict>
            <key>MPSrun2.png</key>
            <dict>
                <key>frame</key>
                <string>{{256,0},{128,128}}</string>
                <key>offset</key>
                <string>{0,0}</string>
                <key>rotated</key>
                <false/>
                <key>sourceColorRect</key>
                <string>{{0,0},{128,128}}</string>
                <key>sourceSize</key>
                <string>{128,128}</string>
            </dict>
            <key>MPSrun3.png</key>
            <dict>
                <key>frame</key>
                <string>{{128,0},{128,128}}</string>
                <key>offset</key>
                <string>{0,0}</string>
                <key>rotated</key>
                <false/>
                <key>sourceColorRect</key>
                <string>{{0,0},{128,128}}</string>
                <key>sourceSize</key>
                <string>{128,128}</string>
            </dict>
            <key>MPSrun4.png</key>
            <dict>
                <key>frame</key>
                <string>{{0,0},{128,128}}</string>
                <key>offset</key>
                <string>{0,0}</string>
                <key>rotated</key>
                <false/>
                <key>sourceColorRect</key>
                <string>{{0,0},{128,128}}</string>
                <key>sourceSize</key>
                <string>{128,128}</string>
            </dict>
        </dict>
        <key>metadata</key>
        <dict>
            <key>format</key>
            <integer>2</integer>
            <key>realTextureFileMPSrun</key>
            <string>MPSrun.png</string>
            <key>size</key>
            <string>{512,128}</string>
            <key>smartupdate</key>
            <string>$TexturePacker:SmartUpdate:3a4eed89cf73ade01911b2b92a87f3f5$</string>
            <key>textureFileMPSrun</key>
            <string>MPSrun.png</string>
        </dict>
    </dict>
</plist>
