<?xml version="1.0" encoding="UTF-8"?>
<!DOCTYPE plist PUBLIC "-//Apple Computer//DTD PLIST 1.0//EN" "http://www.apple.com/DTDs/PropertyList-1.0.dtd">
<plist version="1.0">
    <dict>
        <key>frames</key>
        <dict>
            <key>MPSwin1.png</key>
            <dict>
                <key>frame</key>
                <string>{{256,0},{128,128}}</string>
                <key>offset</key>
                <string>{0,0}</string>
                <key>rotated</key>
                <false/>
                <key>sourceColorRect</key>
                <string>{{0,0},{128,128}}</string>
                <key>sourceSize</key>
                <string>{128,128}</string>
            </dict>
            <key>MPSwin2.png</key>
            <dict>
                <key>frame</key>
                <string>{{128,0},{128,128}}</string>
                <key>offset</key>
                <string>{0,0}</string>
                <key>rotated</key>
                <false/>
                <key>sourceColorRect</key>
                <string>{{0,0},{128,128}}</string>
                <key>sourceSize</key>
                <string>{128,128}</string>
            </dict>
            <key>MPSwin3.png</key>
            <dict>
                <key>frame</key>
                <string>{{0,0},{128,128}}</string>
                <key>offset</key>
                <string>{0,0}</string>
                <key>rotated</key>
                <false/>
                <key>sourceColorRect</key>
                <string>{{0,0},{128,128}}</string>
                <key>sourceSize</key>
                <string>{128,128}</string>
            </dict>
        </dict>
        <key>metadata</key>
        <dict>
            <key>format</key>
            <integer>2</integer>
            <key>realTextureFileMPSwin</key>
            <string>MPSwin.png</string>
            <key>size</key>
            <string>{512,128}</string>
            <key>smartupdate</key>
            <string>$TexturePacker:SmartUpdate:d9d1e9e83b63926262fb9eb1ca822776$</string>
            <key>textureFileMPSwin</key>
            <string>MPSwin.png</string>
        </dict>
    </dict>
</plist>