<?xml version="1.0" encoding="UTF-8"?>
<!DOCTYPE plist PUBLIC "-//Apple Computer//DTD PLIST 1.0//EN" "http://www.apple.com/DTDs/PropertyList-1.0.dtd">
<plist version="1.0">
    <dict>
        <key>frames</key>
        <dict>
            <key>REdeath1.png</key>
            <dict>
                <key>frame</key>
                <string>{{384,0},{1024,1024}}</string>
                <key>offset</key>
                <string>{0,0}</string>
                <key>rotated</key>
                <false/>
                <key>sourceColorRect</key>
                <string>{{3072,0},{1024,1024}}</string>
                <key>sourceSize</key>
                <string>{1024,1024}</string>
            </dict>
            <key>REdeath2.png</key>
            <dict>
                <key>frame</key>
                <string>{{2048,0},{1024,1024}}</string>
                <key>offset</key>
                <string>{0,0}</string>
                <key>rotated</key>
                <false/>
                <key>sourceColorRect</key>
                <string>{{0,0},{1024,1024}}</string>
                <key>sourceSize</key>
                <string>{1024,1024}</string>
            </dict>
            <key>REdeath3.png</key>
            <dict>
                <key>frame</key>
                <string>{{1024,0},{1024,1024}}</string>
                <key>offset</key>
                <string>{0,0}</string>
                <key>rotated</key>
                <false/>
                <key>sourceColorRect</key>
                <string>{{0,0},{1024,1024}}</string>
                <key>sourceSize</key>
                <string>{1024,1024}</string>
            </dict>
            <key>REdeath4.png</key>
            <dict>
                <key>frame</key>
                <string>{{0,0},{1024,1024}}</string>
                <key>offset</key>
                <string>{0,0}</string>
                <key>rotated</key>
                <false/>
                <key>sourceColorRect</key>
                <string>{{0,0},{1024,1024}}</string>
                <key>sourceSize</key>
                <string>{1024,1024}</string>
            </dict>
        </dict>
        <key>metadata</key>
        <dict>
            <key>format</key>
            <integer>2</integer>
            <key>realTextureFileName</key>
            <string>REdeath.png</string>
            <key>size</key>
            <string>{512,1024}</string>
            <key>smartupdate</key>
            <string>$TexturePacker:SmartUpdate:3a4eed89cf73ade01911b2b92a87f3f5$</string>
            <key>textureFileName</key>
            <string>REdeath.png</string>
        </dict>
    </dict>
</plist>
