<?xml version="1.0" encoding="UTF-8"?>
<!DOCTYPE plist PUBLIC "-//Apple Computer//DTD PLIST 1.0//EN" "http://www.apple.com/DTDs/PropertyList-1.0.dtd">
<plist version="1.0">
    <dict>
        <key>frames</key>
        <dict>
            <key>A.png</key>
            <dict>
                <key>frame</key>
                <string>{{42,52},{48,38}}</string>
                <key>offset</key>
                <string>{0,-3}</string>
                <key>rotated</key>
                <true/>
                <key>sourceColorRect</key>
                <string>{{0,8},{48,38}}</string>
                <key>sourceSize</key>
                <string>{48,48}</string>
            </dict>
            <key>B.png</key>
            <dict>
                <key>frame</key>
                <string>{{82,2},{42,42}}</string>
                <key>offset</key>
                <string>{1,0}</string>
                <key>rotated</key>
                <false/>
                <key>sourceColorRect</key>
                <string>{{4,3},{42,42}}</string>
                <key>sourceSize</key>
                <string>{48,48}</string>
            </dict>
            <key>C.png</key>
            <dict>
                <key>frame</key>
                <string>{{2,52},{48,38}}</string>
                <key>offset</key>
                <string>{0,-3}</string>
                <key>rotated</key>
                <true/>
                <key>sourceColorRect</key>
                <string>{{0,8},{48,38}}</string>
                <key>sourceSize</key>
                <string>{48,48}</string>
            </dict>
            <key>D.png</key>
            <dict>
                <key>frame</key>
                <string>{{2,2},{48,48}}</string>
                <key>offset</key>
                <string>{0,0}</string>
                <key>rotated</key>
                <false/>
                <key>sourceColorRect</key>
                <string>{{0,0},{48,48}}</string>
                <key>sourceSize</key>
                <string>{48,48}</string>
            </dict>
        </dict>
        <key>metadata</key>
        <dict>
            <key>format</key>
            <integer>2</integer>
            <key>realTextureFileName</key>
            <string>img.png</string>
            <key>size</key>
            <string>{128,128}</string>
            <key>smartupdate</key>
            <string>$TexturePacker:SmartUpdate:9b5c3435807ae20ee7451dc5a6519064$</string>
            <key>textureFileName</key>
            <string>img.png</string>
        </dict>
    </dict>
</plist>
