<?xml version="1.0" encoding="UTF-8"?>
<!DOCTYPE plist PUBLIC "-//Apple Computer//DTD PLIST 1.0//EN" "http://www.apple.com/DTDs/PropertyList-1.0.dtd">
<plist version="1.0">
    <dict>
        <key>frames</key>
        <dict>
            <key>RCpeck1.png</key>
            <dict>
                <key>frame</key>
                <string>{{2048,0},{1024,1024}}</string>
                <key>offset</key>
                <string>{0,0}</string>
                <key>rotated</key>
                <false/>
                <key>sourceColorRect</key>
                <string>{{0,0},{1024,1024}}</string>
                <key>sourceSize</key>
                <string>{1024,1024}</string>
            </dict>
            <key>RCpeck2.png</key>
            <dict>
                <key>frame</key>
                <string>{{1024,0},{1024,1024}}</string>
                <key>offset</key>
                <string>{0,0}</string>
                <key>rotated</key>
                <false/>
                <key>sourceColorRect</key>
                <string>{{0,0},{1024,1024}}</string>
                <key>sourceSize</key>
                <string>{1024,1024}</string>
            </dict>
            <key>RCpeck3.png</key>
            <dict>
                <key>frame</key>
                <string>{{0,0},{1024,1024}}</string>
                <key>offset</key>
                <string>{0,0}</string>
                <key>rotated</key>
                <false/>
                <key>sourceColorRect</key>
                <string>{{0,0},{1024,1024}}</string>
                <key>sourceSize</key>
                <string>{1024,1024}</string>
            </dict>
        </dict>
        <key>metadata</key>
        <dict>
            <key>format</key>
            <integer>2</integer>
            <key>realTextureFileRCpeck</key>
            <string>RCpeck.png</string>
            <key>size</key>
            <string>{4096,1024}</string>
            <key>smartupdate</key>
            <string>$TexturePacker:SmartUpdate:d9d1e9e83b63926262fb9eb1ca822776$</string>
            <key>textureFileRCpeck</key>
            <string>RCpeck.png</string>
        </dict>
    </dict>
</plist>
