<?xml version="1.0" encoding="UTF-8"?>
<!DOCTYPE plist PUBLIC "-//Apple Computer//DTD PLIST 1.0//EN" "http://www.apple.com/DTDs/PropertyList-1.0.dtd">
<plist version="1.0">
    <dict>
        <key>frames</key>
        <dict>
            <key>NSnotice1.png</key>
            <dict>
                <key>frame</key>
                <string>{{128,0},{128,128}}</string>
                <key>offset</key>
                <string>{0,0}</string>
                <key>rotated</key>
                <false/>
                <key>sourceColorRect</key>
                <string>{{0,0},{128,128}}</string>
                <key>sourceSize</key>
                <string>{128,128}</string>
            </dict>
        </dict>
        <key>metadata</key>
        <dict>
            <key>format</key>
            <integer>2</integer>
            <key>realTextureFileName</key>
            <string>NSnotice.png</string>
            <key>size</key>
            <string>{128,128}</string>
            <key>smartupdate</key>
            <string>$TexturePacker:SmartUpdate:db855582a146e6891f824e16e33678c9$</string>
            <key>textureFileName</key>
            <string>NSnotice.png</string>
        </dict>
    </dict>
</plist>
