<?xml version="1.0" encoding="UTF-8"?>
<!DOCTYPE plist PUBLIC "-//Apple Computer//DTD PLIST 1.0//EN" "http://www.apple.com/DTDs/PropertyList-1.0.dtd">
<plist version="1.0">
    <dict>
        <key>frames</key>
        <dict>
            <key>NCidle1.png</key>
            <dict>
                <key>frame</key>
                <string>{{384,0},{64,64}}</string>
                <key>offset</key>
                <string>{0,0}</string>
                <key>rotated</key>
                <false/>
                <key>sourceColorRect</key>
                <string>{{0,0},{64,64}}</string>
                <key>sourceSize</key>
                <string>{64,64}</string>
            </dict>
            <key>NCidle2.png</key>
            <dict>
                <key>frame</key>
                <string>{{256,0},{64,64}}</string>
                <key>offset</key>
                <string>{0,0}</string>
                <key>rotated</key>
                <false/>
                <key>sourceColorRect</key>
                <string>{{0,0},{64,64}}</string>
                <key>sourceSize</key>
                <string>{64,64}</string>
            </dict>
            <key>NCidle3.png</key>
            <dict>
                <key>frame</key>
                <string>{{64,0},{64,64}}</string>
                <key>offset</key>
                <string>{0,0}</string>
                <key>rotated</key>
                <false/>
                <key>sourceColorRect</key>
                <string>{{0,0},{64,64}}</string>
                <key>sourceSize</key>
                <string>{64,64}</string>
            </dict>
            <key>NCidle4.png</key>
            <dict>
                <key>frame</key>
                <string>{{0,0},{64,64}}</string>
                <key>offset</key>
                <string>{0,0}</string>
                <key>rotated</key>
                <false/>
                <key>sourceColorRect</key>
                <string>{{0,0},{64,64}}</string>
                <key>sourceSize</key>
                <string>{64,64}</string>
            </dict>
        </dict>
        <key>metadata</key>
        <dict>
            <key>format</key>
            <integer>2</integer>
            <key>realTextureFileNCidle</key>
            <string>NCidle.png</string>
            <key>size</key>
            <string>{512,64}</string>
            <key>smartupdate</key>
            <string>$TexturePacker:SmartUpdate:3a4eed89cf73ade01911b2b92a87f3f5$</string>
            <key>textureFileNCidle</key>
            <string>NCidle.png</string>
        </dict>
    </dict>
</plist>
