<?xml version="1.0" encoding="UTF-8"?>
<!DOCTYPE plist PUBLIC "-//Apple Computer//DTD PLIST 1.0//EN" "http://www.apple.com/DTDs/PropertyList-1.0.dtd">
<plist version="1.0">
    <dict>
        <key>frames</key>
        <dict>
            <key>Idle0001.png</key>
            <dict>
                <key>frame</key>
                <string>{{2,1586},{210,254}}</string>
                <key>offset</key>
                <string>{-5,1}</string>
                <key>rotated</key>
                <true/>
                <key>sourceColorRect</key>
                <string>{{18,0},{210,254}}</string>
                <key>sourceSize</key>
                <string>{256,256}</string>
            </dict>
            <key>Idle0002.png</key>
            <dict>
                <key>frame</key>
                <string>{{258,1524},{210,254}}</string>
                <key>offset</key>
                <string>{-5,1}</string>
                <key>rotated</key>
                <false/>
                <key>sourceColorRect</key>
                <string>{{18,0},{210,254}}</string>
                <key>sourceSize</key>
                <string>{256,256}</string>
            </dict>
            <key>Idle0003.png</key>
            <dict>
                <key>frame</key>
                <string>{{2,948},{212,254}}</string>
                <key>offset</key>
                <string>{-5,1}</string>
                <key>rotated</key>
                <true/>
                <key>sourceColorRect</key>
                <string>{{17,0},{212,254}}</string>
                <key>sourceSize</key>
                <string>{256,256}</string>
            </dict>
            <key>Idle0004.png</key>
            <dict>
                <key>frame</key>
                <string>{{2,518},{214,254}}</string>
                <key>offset</key>
                <string>{-5,1}</string>
                <key>rotated</key>
                <true/>
                <key>sourceColorRect</key>
                <string>{{16,0},{214,254}}</string>
                <key>sourceSize</key>
                <string>{256,256}</string>
            </dict>
            <key>Idle0005.png</key>
            <dict>
                <key>frame</key>
                <string>{{258,872},{214,252}}</string>
                <key>offset</key>
                <string>{-5,1}</string>
                <key>rotated</key>
                <true/>
                <key>sourceColorRect</key>
                <string>{{16,1},{214,252}}</string>
                <key>sourceSize</key>
                <string>{256,256}</string>
            </dict>
            <key>Idle0006.png</key>
            <dict>
                <key>frame</key>
                <string>{{258,1306},{216,250}}</string>
                <key>offset</key>
                <string>{-5,0}</string>
                <key>rotated</key>
                <true/>
                <key>sourceColorRect</key>
                <string>{{15,3},{216,250}}</string>
                <key>sourceSize</key>
                <string>{256,256}</string>
            </dict>
            <key>Idle0007.png</key>
            <dict>
                <key>frame</key>
                <string>{{258,1088},{216,250}}</string>
                <key>offset</key>
                <string>{-5,0}</string>
                <key>rotated</key>
                <true/>
                <key>sourceColorRect</key>
                <string>{{15,3},{216,250}}</string>
                <key>sourceSize</key>
                <string>{256,256}</string>
            </dict>
            <key>Idle0008.png</key>
            <dict>
                <key>frame</key>
                <string>{{260,438},{216,250}}</string>
                <key>offset</key>
                <string>{-5,0}</string>
                <key>rotated</key>
                <true/>
                <key>sourceColorRect</key>
                <string>{{15,3},{216,250}}</string>
                <key>sourceSize</key>
                <string>{256,256}</string>
            </dict>
            <key>Idle0009.png</key>
            <dict>
                <key>frame</key>
                <string>{{260,220},{216,250}}</string>
                <key>offset</key>
                <string>{-5,0}</string>
                <key>rotated</key>
                <true/>
                <key>sourceColorRect</key>
                <string>{{15,3},{216,250}}</string>
                <key>sourceSize</key>
                <string>{256,256}</string>
            </dict>
            <key>Idle0010.png</key>
            <dict>
                <key>frame</key>
                <string>{{260,2},{216,250}}</string>
                <key>offset</key>
                <string>{-5,0}</string>
                <key>rotated</key>
                <true/>
                <key>sourceColorRect</key>
                <string>{{15,3},{216,250}}</string>
                <key>sourceSize</key>
                <string>{256,256}</string>
            </dict>
            <key>Idle0011.png</key>
            <dict>
                <key>frame</key>
                <string>{{258,656},{214,252}}</string>
                <key>offset</key>
                <string>{-5,1}</string>
                <key>rotated</key>
                <true/>
                <key>sourceColorRect</key>
                <string>{{16,1},{214,252}}</string>
                <key>sourceSize</key>
                <string>{256,256}</string>
            </dict>
            <key>Idle0012.png</key>
            <dict>
                <key>frame</key>
                <string>{{2,734},{212,254}}</string>
                <key>offset</key>
                <string>{-5,1}</string>
                <key>rotated</key>
                <true/>
                <key>sourceColorRect</key>
                <string>{{17,0},{212,254}}</string>
                <key>sourceSize</key>
                <string>{256,256}</string>
            </dict>
            <key>Idle0013.png</key>
            <dict>
                <key>frame</key>
                <string>{{2,1374},{210,254}}</string>
                <key>offset</key>
                <string>{-5,1}</string>
                <key>rotated</key>
                <true/>
                <key>sourceColorRect</key>
                <string>{{18,0},{210,254}}</string>
                <key>sourceSize</key>
                <string>{256,256}</string>
            </dict>
            <key>Idle0014.png</key>
            <dict>
                <key>frame</key>
                <string>{{2,1162},{210,254}}</string>
                <key>offset</key>
                <string>{-5,1}</string>
                <key>rotated</key>
                <true/>
                <key>sourceColorRect</key>
                <string>{{18,0},{210,254}}</string>
                <key>sourceSize</key>
                <string>{256,256}</string>
            </dict>
            <key>Idle0015.png</key>
            <dict>
                <key>frame</key>
                <string>{{258,1780},{208,254}}</string>
                <key>offset</key>
                <string>{-5,1}</string>
                <key>rotated</key>
                <false/>
                <key>sourceColorRect</key>
                <string>{{19,0},{208,254}}</string>
                <key>sourceSize</key>
                <string>{256,256}</string>
            </dict>
            <key>mover-small.png</key>
            <dict>
                <key>frame</key>
                <string>{{2,1920},{44,60}}</string>
                <key>offset</key>
                <string>{-1,-1}</string>
                <key>rotated</key>
                <false/>
                <key>sourceColorRect</key>
                <string>{{9,3},{44,60}}</string>
                <key>sourceSize</key>
                <string>{64,64}</string>
            </dict>
            <key>mover.png</key>
            <dict>
                <key>frame</key>
                <string>{{2,1798},{88,120}}</string>
                <key>offset</key>
                <string>{-2,-2}</string>
                <key>rotated</key>
                <false/>
                <key>sourceColorRect</key>
                <string>{{18,6},{88,120}}</string>
                <key>sourceSize</key>
                <string>{128,128}</string>
            </dict>
            <key>tilemap128.png</key>
            <dict>
                <key>frame</key>
                <string>{{2,260},{256,256}}</string>
                <key>offset</key>
                <string>{0,0}</string>
                <key>rotated</key>
                <false/>
                <key>sourceColorRect</key>
                <string>{{0,0},{256,256}}</string>
                <key>sourceSize</key>
                <string>{256,256}</string>
            </dict>
            <key>white.png</key>
            <dict>
                <key>frame</key>
                <string>{{2,2},{256,256}}</string>
                <key>offset</key>
                <string>{0,0}</string>
                <key>rotated</key>
                <false/>
                <key>sourceColorRect</key>
                <string>{{0,0},{256,256}}</string>
                <key>sourceSize</key>
                <string>{256,256}</string>
            </dict>
        </dict>
        <key>metadata</key>
        <dict>
            <key>format</key>
            <integer>2</integer>
            <key>realTextureFileName</key>
            <string>test.png</string>
            <key>size</key>
            <string>{512,2048}</string>
            <key>smartupdate</key>
            <string>$TexturePacker:SmartUpdate:f2940247e32375d83d6216263f44ec2e$</string>
            <key>textureFileName</key>
            <string>test.png</string>
        </dict>
    </dict>
</plist>
