<?xml version="1.0" encoding="UTF-8"?>
<!DOCTYPE plist PUBLIC "-//Apple Computer//DTD PLIST 1.0//EN" "http://www.apple.com/DTDs/PropertyList-1.0.dtd">
<plist version="1.0">
    <dict>
        <key>frames</key>
        <dict>
            <key>MenuQuestionEgg1.png</key>
            <dict>
                <key>frame</key>
                <string>{{640,0},{128,128}}</string>
                <key>offset</key>
                <string>{0,0}</string>
                <key>rotated</key>
                <false/>
                <key>sourceColorRect</key>
                <string>{{0,0},{128,128}}</string>
                <key>sourceSize</key>
                <string>{128,128}</string>
            </dict>
            <key>MenuQuestionEgg2.png</key>
            <dict>
                <key>frame</key>
                <string>{{512,0},{128,128}}</string>
                <key>offset</key>
                <string>{0,0}</string>
                <key>rotated</key>
                <false/>
                <key>sourceColorRect</key>
                <string>{{0,0},{128,128}}</string>
                <key>sourceSize</key>
                <string>{128,128}</string>
            </dict>
            <key>MenuQuestionEgg3.png</key>
            <dict>
                <key>frame</key>
                <string>{{384,0},{128,128}}</string>
                <key>offset</key>
                <string>{0,0}</string>
                <key>rotated</key>
                <false/>
                <key>sourceColorRect</key>
                <string>{{0,0},{128,128}}</string>
                <key>sourceSize</key>
                <string>{128,128}</string>
            </dict>
            <key>MenuQuestionEgg4.png</key>
            <dict>
                <key>frame</key>
                <string>{{256,0},{128,128}}</string>
                <key>offset</key>
                <string>{0,0}</string>
                <key>rotated</key>
                <false/>
                <key>sourceColorRect</key>
                <string>{{0,0},{128,128}}</string>
                <key>sourceSize</key>
                <string>{128,128}</string>
            </dict>
            <key>MenuQuestionEgg5.png</key>
            <dict>
                <key>frame</key>
                <string>{{128,0},{128,128}}</string>
                <key>offset</key>
                <string>{0,0}</string>
                <key>rotated</key>
                <false/>
                <key>sourceColorRect</key>
                <string>{{0,0},{128,128}}</string>
                <key>sourceSize</key>
                <string>{128,128}</string>
            </dict>
            <key>MenuQuestionEgg6.png</key>
            <dict>
                <key>frame</key>
                <string>{{0,0},{128,128}}</string>
                <key>offset</key>
                <string>{0,0}</string>
                <key>rotated</key>
                <false/>
                <key>sourceColorRect</key>
                <string>{{0,0},{128,128}}</string>
                <key>sourceSize</key>
                <string>{128,128}</string>
            </dict>
        </dict>
        <key>metadata</key>
        <dict>
            <key>format</key>
            <integer>2</integer>
            <key>realTextureFileMenuQuestionEgg</key>
            <string>MenuQuestionEgg.png</string>
            <key>size</key>
            <string>{1024,128}</string>
            <key>smartupdate</key>
            <string>$TexturePacker:SmartUpdate:7bd4585867ccb4b20dc73d4fb95be5e3$</string>
            <key>textureFileMenuQuestionEgg</key>
            <string>MenuQuestionEgg.png</string>
        </dict>
    </dict>
</plist>
