<?xml version="1.0" encoding="UTF-8"?>
<!DOCTYPE plist PUBLIC "-//Apple Computer//DTD PLIST 1.0//EN" "http://www.apple.com/DTDs/PropertyList-1.0.dtd">
<plist version="1.0">
    <dict>
        <key>frames</key>
        <dict>
            <key>MPCjumpV1.png</key>
            <dict>
                <key>frame</key>
                <string>{{512,0},{128,128}}</string>
                <key>offset</key>
                <string>{0,0}</string>
                <key>rotated</key>
                <false/>
                <key>sourceColorRect</key>
                <string>{{0,0},{128,128}}</string>
                <key>sourceSize</key>
                <string>{128,128}</string>
            </dict>
            <key>MPCjumpV2.png</key>
            <dict>
                <key>frame</key>
                <string>{{384,0},{128,128}}</string>
                <key>offset</key>
                <string>{0,0}</string>
                <key>rotated</key>
                <false/>
                <key>sourceColorRect</key>
                <string>{{0,0},{128,128}}</string>
                <key>sourceSize</key>
                <string>{128,128}</string>
            </dict>
            <key>MPCjumpV3.png</key>
            <dict>
                <key>frame</key>
                <string>{{256,0},{128,128}}</string>
                <key>offset</key>
                <string>{0,0}</string>
                <key>rotated</key>
                <false/>
                <key>sourceColorRect</key>
                <string>{{0,0},{128,128}}</string>
                <key>sourceSize</key>
                <string>{128,128}</string>
            </dict>
            <key>MPCjumpV4.png</key>
            <dict>
                <key>frame</key>
                <string>{{128,0},{128,128}}</string>
                <key>offset</key>
                <string>{0,0}</string>
                <key>rotated</key>
                <false/>
                <key>sourceColorRect</key>
                <string>{{0,0},{128,128}}</string>
                <key>sourceSize</key>
                <string>{128,128}</string>
            </dict>
            <key>MPCjumpV5.png</key>
            <dict>
                <key>frame</key>
                <string>{{0,0},{128,128}}</string>
                <key>offset</key>
                <string>{0,0}</string>
                <key>rotated</key>
                <false/>
                <key>sourceColorRect</key>
                <string>{{0,0},{128,128}}</string>
                <key>sourceSize</key>
                <string>{128,128}</string>
            </dict>
        </dict>
        <key>metadata</key>
        <dict>
            <key>format</key>
            <integer>2</integer>
            <key>realTextureFileMPCjumpV</key>
            <string>MPCjumpV.png</string>
            <key>size</key>
            <string>{1024,128}</string>
            <key>smartupdate</key>
            <string>$TexturePacker:SmartUpdate:984873d65e1ddb02dbd9ab9836e8ead4$</string>
            <key>textureFileMPCjumpV</key>
            <string>MPCjumpV.png</string>
        </dict>
    </dict>
</plist>
